<?xml version="1.0" encoding="UTF-8"?>
<office:document-meta xmlns:office="urn:oasis:names:tc:opendocument:xmlns:office:1.0" xmlns:xlink="http://www.w3.org/1999/xlink" xmlns:dc="http://purl.org/dc/elements/1.1/" xmlns:meta="urn:oasis:names:tc:opendocument:xmlns:meta:1.0" xmlns:ooo="http://openoffice.org/2004/office" xmlns:grddl="http://www.w3.org/2003/g/data-view#" office:version="1.2"><office:meta><meta:creation-date>2019-05-15T10:56:33.851000000</meta:creation-date><dc:date>2019-05-15T11:55:48.042000000</dc:date><meta:editing-duration>PT3M39S</meta:editing-duration><meta:editing-cycles>1</meta:editing-cycles><meta:document-statistic meta:table-count="1" meta:cell-count="158" meta:object-count="0"/><meta:generator>LibreOffice/6.2.3.2$Windows_X86_64 LibreOffice_project/aecc05fe267cc68dde00352a451aa867b3b546ac</meta:generator></office:meta></office:document-meta>