<?xml version="1.0" encoding="UTF-8" standalone="yes"?>
<office:document-content xmlns:table="urn:oasis:names:tc:opendocument:xmlns:table:1.0" xmlns:office="urn:oasis:names:tc:opendocument:xmlns:office:1.0" xmlns:text="urn:oasis:names:tc:opendocument:xmlns:text:1.0" xmlns:style="urn:oasis:names:tc:opendocument:xmlns:style:1.0" xmlns:draw="urn:oasis:names:tc:opendocument:xmlns:drawing:1.0" xmlns:fo="urn:oasis:names:tc:opendocument:xmlns:xsl-fo-compatible:1.0" xmlns:xlink="http://www.w3.org/1999/xlink" xmlns:dc="http://purl.org/dc/elements/1.1/" xmlns:number="urn:oasis:names:tc:opendocument:xmlns:datastyle:1.0" xmlns:svg="urn:oasis:names:tc:opendocument:xmlns:svg-compatible:1.0" xmlns:msoxl="http://schemas.microsoft.com/office/excel/formula"><office:font-face-decls><style:font-face style:name="Liberation Sans" svg:font-family="&quot;Liberation Sans&quot;"/><style:font-face style:name="Calibri" svg:font-family="Calibri"/></office:font-face-decls><office:automatic-styles><style:style style:name="ce1" style:family="table-cell" style:parent-style-name="Default" style:data-style-name="N0"/><style:style style:name="ce2" style:family="table-cell" style:parent-style-name="Default" style:data-style-name="N0"><style:table-cell-properties fo:border="thin solid #000000" style:vertical-align="middle" fo:background-color="#C5D9F1" style:repeat-content="false"/><style:paragraph-properties fo:text-align="center"/><style:text-properties style:font-name="Calibri" style:font-name-asian="Calibri" style:font-name-complex="Calibri" fo:font-weight="bold" style:font-weight-asian="bold" style:font-weight-complex="bold" style:font-family-generic="swiss"/></style:style><style:style style:name="ce3" style:family="table-cell" style:parent-style-name="Default" style:data-style-name="N0"><style:table-cell-properties fo:border="thin solid #000000" style:vertical-align="middle" fo:background-color="#FFFFFF"/></style:style><style:style style:name="ce4" style:family="table-cell" style:parent-style-name="Default" style:data-style-name="N0"><style:table-cell-properties fo:border="thin solid #000000" style:vertical-align="middle" fo:background-color="#FFFFFF"/><style:text-properties style:font-name="Calibri" style:font-name-asian="Calibri" style:font-name-complex="Calibri" style:font-family-generic="swiss"/></style:style><style:style style:name="ce5" style:family="table-cell" style:parent-style-name="Default" style:data-style-name="N0"><style:table-cell-properties fo:border="thin solid #000000" fo:background-color="#9BBB59"/></style:style><style:style style:name="ce6" style:family="table-cell" style:parent-style-name="Default" style:data-style-name="N0"><style:table-cell-properties fo:border="thin solid #000000" style:vertical-align="middle" fo:background-color="transparent"/><style:text-properties style:font-name="Calibri" style:font-name-asian="Calibri" style:font-name-complex="Calibri" style:font-family-generic="swiss"/></style:style><style:style style:name="ce7" style:family="table-cell" style:parent-style-name="Default" style:data-style-name="N0"><style:table-cell-properties fo:border="thin solid #000000" style:vertical-align="middle" fo:background-color="#FFFFFF"/><style:text-properties style:font-name="Calibri" style:font-name-asian="Calibri" style:font-name-complex="Calibri" fo:font-size="9pt" style:font-size-asian="9pt" style:font-size-complex="9pt" style:font-family-generic="swiss"/></style:style><style:style style:name="ce8" style:family="table-cell" style:parent-style-name="Default" style:data-style-name="N0"><style:table-cell-properties fo:border="thin solid #000000"/></style:style><style:style style:name="ce9" style:family="table-cell" style:parent-style-name="Default" style:data-style-name="N0"><style:table-cell-properties fo:border="thin solid #000000" fo:background-color="transparent"/></style:style><style:style style:name="ce10" style:family="table-cell" style:parent-style-name="Default" style:data-style-name="N0"><style:table-cell-properties fo:border="thin solid #000000" style:vertical-align="middle" fo:background-color="#9BBB59"/><style:text-properties style:font-name="Calibri" style:font-name-asian="Calibri" style:font-name-complex="Calibri" style:font-family-generic="swiss"/></style:style><style:style style:name="ce11" style:family="table-cell" style:parent-style-name="Default" style:data-style-name="N0"><style:table-cell-properties fo:border="thin solid #000000" style:vertical-align="middle" fo:background-color="#16365C" style:repeat-content="false"/><style:paragraph-properties fo:text-align="center"/><style:text-properties fo:color="#FFFFFF" style:font-name="Calibri" style:font-name-asian="Calibri" style:font-name-complex="Calibri" style:font-family-generic="swiss"/></style:style><style:style style:name="ce12" style:family="table-cell" style:parent-style-name="Default" style:data-style-name="N0"><style:table-cell-properties fo:border-top="thin solid #000000" fo:border-bottom="thin solid #000000" fo:border-left="thin solid #000000" fo:border-right="none" style:vertical-align="middle" fo:background-color="#16365C" style:repeat-content="false"/><style:paragraph-properties fo:text-align="center"/><style:text-properties fo:color="#FFFFFF" style:font-name="Calibri" style:font-name-asian="Calibri" style:font-name-complex="Calibri" style:font-family-generic="swiss"/></style:style><style:style style:name="ce13" style:family="table-cell" style:parent-style-name="Default" style:data-style-name="N0"><style:table-cell-properties fo:border-top="thin solid #000000" fo:border-bottom="thin solid #000000" fo:border-left="none" fo:border-right="none" style:vertical-align="middle" fo:background-color="#16365C" style:repeat-content="false"/><style:paragraph-properties fo:text-align="center"/><style:text-properties fo:color="#FFFFFF" style:font-name="Calibri" style:font-name-asian="Calibri" style:font-name-complex="Calibri" style:font-family-generic="swiss"/></style:style><style:style style:name="ce14" style:family="table-cell" style:parent-style-name="Default" style:data-style-name="N0"><style:table-cell-properties fo:border-top="thin solid #000000" fo:border-bottom="thin solid #000000" fo:border-left="none" fo:border-right="thin solid #000000" style:vertical-align="middle" fo:background-color="#16365C" style:repeat-content="false"/><style:paragraph-properties fo:text-align="center"/><style:text-properties fo:color="#FFFFFF" style:font-name="Calibri" style:font-name-asian="Calibri" style:font-name-complex="Calibri" style:font-family-generic="swiss"/></style:style><style:style style:name="co1" style:family="table-column"><style:table-column-properties fo:break-before="auto" style:column-width="4.02166666666667cm"/></style:style><style:style style:name="co2" style:family="table-column"><style:table-column-properties fo:break-before="auto" style:column-width="2.75166666666667cm"/></style:style><style:style style:name="co3" style:family="table-column"><style:table-column-properties fo:break-before="auto" style:column-width="2.24895833333333cm"/></style:style><style:style style:name="co4" style:family="table-column"><style:table-column-properties fo:break-before="auto" style:column-width="1.905cm"/></style:style><style:style style:name="ro1" style:family="table-row"><style:table-row-properties style:row-height="15pt" style:use-optimal-row-height="true" fo:break-before="auto"/></style:style><style:style style:name="ro2" style:family="table-row"><style:table-row-properties style:row-height="14.25pt" style:use-optimal-row-height="true" fo:break-before="auto"/></style:style><style:style style:name="ta1" style:family="table" style:master-page-name="mp1"><style:table-properties table:display="true" style:writing-mode="lr-tb"/></style:style></office:automatic-styles><office:body><office:spreadsheet><table:calculation-settings table:case-sensitive="false" table:search-criteria-must-apply-to-whole-cell="false"/><table:table table:name="Sheet1" table:style-name="ta1"><table:table-column table:style-name="co1" table:default-cell-style-name="ce1"/><table:table-column table:style-name="co2" table:default-cell-style-name="ce1"/><table:table-column table:style-name="co3" table:number-columns-repeated="4" table:default-cell-style-name="ce1"/><table:table-column table:style-name="co4" table:number-columns-repeated="16378" table:default-cell-style-name="ce1"/><table:table-row table:style-name="ro1"><table:table-cell office:value-type="string" table:number-columns-spanned="6" table:number-rows-spanned="1" table:style-name="ce11"><text:p>usuario</text:p></table:table-cell><table:covered-table-cell table:number-columns-repeated="5"/><table:table-cell table:number-columns-repeated="16378"/></table:table-row><table:table-row table:style-name="ro1"><table:table-cell office:value-type="string" table:style-name="ce2"><text:p>Atributo</text:p></table:table-cell><table:table-cell office:value-type="string" table:style-name="ce2"><text:p>Tipo</text:p></table:table-cell><table:table-cell office:value-type="string" table:style-name="ce2"><text:p>CP</text:p></table:table-cell><table:table-cell office:value-type="string" table:style-name="ce2"><text:p>CE</text:p></table:table-cell><table:table-cell office:value-type="string" table:style-name="ce2"><text:p>Único</text:p></table:table-cell><table:table-cell office:value-type="string" table:style-name="ce2"><text:p>Referência</text:p></table:table-cell><table:table-cell table:number-columns-repeated="16378"/></table:table-row><table:table-row table:style-name="ro1"><table:table-cell office:value-type="string" table:style-name="ce3"><text:p>cpf</text:p></table:table-cell><table:table-cell office:value-type="string" table:style-name="ce4"><text:p>VARCHAR(20)</text:p></table:table-cell><table:table-cell table:style-name="ce5"/><table:table-cell table:style-name="ce4"/><table:table-cell table:style-name="ce6"/><table:table-cell table:style-name="ce7"/><table:table-cell table:number-columns-repeated="16378"/></table:table-row><table:table-row table:style-name="ro1"><table:table-cell office:value-type="string" table:style-name="ce3"><text:p>admin</text:p></table:table-cell><table:table-cell office:value-type="string" table:style-name="ce4"><text:p>BOOLEAN</text:p></table:table-cell><table:table-cell table:number-columns-repeated="3" table:style-name="ce4"/><table:table-cell table:style-name="ce7"/><table:table-cell table:number-columns-repeated="16378"/></table:table-row><table:table-row table:style-name="ro1"><table:table-cell office:value-type="string" table:style-name="ce3"><text:p>nome_usuario</text:p></table:table-cell><table:table-cell office:value-type="string" table:style-name="ce4"><text:p>VARCHAR(50)</text:p></table:table-cell><table:table-cell table:number-columns-repeated="3" table:style-name="ce4"/><table:table-cell table:style-name="ce7"/><table:table-cell table:number-columns-repeated="16378"/></table:table-row><table:table-row table:style-name="ro1"><table:table-cell office:value-type="string" table:style-name="ce3"><text:p>e-mail</text:p></table:table-cell><table:table-cell office:value-type="string" table:style-name="ce4"><text:p>VARCHAR(20)</text:p></table:table-cell><table:table-cell table:number-columns-repeated="2" table:style-name="ce8"/><table:table-cell table:style-name="ce5"/><table:table-cell table:style-name="ce8"/><table:table-cell table:number-columns-repeated="16378"/></table:table-row><table:table-row table:style-name="ro1"><table:table-cell office:value-type="string" table:style-name="ce3"><text:p>estado</text:p></table:table-cell><table:table-cell office:value-type="string" table:style-name="ce4"><text:p>VARCHAR(20)</text:p></table:table-cell><table:table-cell table:number-columns-repeated="4" table:style-name="ce8"/><table:table-cell table:number-columns-repeated="16378"/></table:table-row><table:table-row table:style-name="ro1"><table:table-cell office:value-type="string" table:style-name="ce3"><text:p>cidade</text:p></table:table-cell><table:table-cell office:value-type="string" table:style-name="ce4"><text:p>VARCHAR(50)</text:p></table:table-cell><table:table-cell table:style-name="ce9"/><table:table-cell table:number-columns-repeated="3" table:style-name="ce8"/><table:table-cell table:number-columns-repeated="16378"/></table:table-row><table:table-row table:style-name="ro1"><table:table-cell office:value-type="string" table:style-name="ce3"><text:p>bairro</text:p></table:table-cell><table:table-cell office:value-type="string" table:style-name="ce4"><text:p>VARCHAR(20)</text:p></table:table-cell><table:table-cell table:number-columns-repeated="3" table:style-name="ce4"/><table:table-cell table:style-name="ce7"/><table:table-cell table:number-columns-repeated="16378"/></table:table-row><table:table-row table:style-name="ro1"><table:table-cell office:value-type="string" table:style-name="ce3"><text:p>rua</text:p></table:table-cell><table:table-cell office:value-type="string" table:style-name="ce4"><text:p>VARCHAR(20)</text:p></table:table-cell><table:table-cell table:number-columns-repeated="4" table:style-name="ce8"/><table:table-cell table:number-columns-repeated="16378"/></table:table-row><table:table-row table:style-name="ro1"><table:table-cell office:value-type="string" table:style-name="ce3"><text:p>numero</text:p></table:table-cell><table:table-cell office:value-type="string" table:style-name="ce4"><text:p>INTEGER</text:p></table:table-cell><table:table-cell table:number-columns-repeated="4" table:style-name="ce8"/><table:table-cell table:number-columns-repeated="16378"/></table:table-row><table:table-row table:style-name="ro1"><table:table-cell office:value-type="string" table:style-name="ce3"><text:p>senha</text:p></table:table-cell><table:table-cell office:value-type="string" table:style-name="ce4"><text:p>VARCHAR(20)</text:p></table:table-cell><table:table-cell table:number-columns-repeated="4" table:style-name="ce8"/><table:table-cell table:number-columns-repeated="16378"/></table:table-row><table:table-row table:style-name="ro1"><table:table-cell office:value-type="string" table:number-columns-spanned="6" table:number-rows-spanned="1" table:style-name="ce11"><text:p>produto</text:p></table:table-cell><table:covered-table-cell table:number-columns-repeated="5"/><table:table-cell table:number-columns-repeated="16378"/></table:table-row><table:table-row table:style-name="ro1"><table:table-cell office:value-type="string" table:style-name="ce2"><text:p>Atributo</text:p></table:table-cell><table:table-cell office:value-type="string" table:style-name="ce2"><text:p>Tipo</text:p></table:table-cell><table:table-cell office:value-type="string" table:style-name="ce2"><text:p>CP</text:p></table:table-cell><table:table-cell office:value-type="string" table:style-name="ce2"><text:p>CE</text:p></table:table-cell><table:table-cell office:value-type="string" table:style-name="ce2"><text:p>Único</text:p></table:table-cell><table:table-cell office:value-type="string" table:style-name="ce2"><text:p>Referência</text:p></table:table-cell><table:table-cell table:number-columns-repeated="16378"/></table:table-row><table:table-row table:style-name="ro1"><table:table-cell office:value-type="string" table:style-name="ce3"><text:p>codigo</text:p></table:table-cell><table:table-cell office:value-type="string" table:style-name="ce4"><text:p>VARCHAR(20)</text:p></table:table-cell><table:table-cell table:style-name="ce5"/><table:table-cell table:style-name="ce4"/><table:table-cell table:style-name="ce6"/><table:table-cell table:style-name="ce7"/><table:table-cell table:number-columns-repeated="16378"/></table:table-row><table:table-row table:style-name="ro1"><table:table-cell office:value-type="string" table:style-name="ce3"><text:p>descricao</text:p></table:table-cell><table:table-cell office:value-type="string" table:style-name="ce4"><text:p>TEXT</text:p></table:table-cell><table:table-cell table:number-columns-repeated="3" table:style-name="ce4"/><table:table-cell table:style-name="ce7"/><table:table-cell table:number-columns-repeated="16378"/></table:table-row><table:table-row table:style-name="ro1"><table:table-cell office:value-type="string" table:style-name="ce3"><text:p>imagem</text:p></table:table-cell><table:table-cell office:value-type="string" table:style-name="ce4"><text:p>BYTEA</text:p></table:table-cell><table:table-cell table:number-columns-repeated="3" table:style-name="ce4"/><table:table-cell table:style-name="ce7"/><table:table-cell table:number-columns-repeated="16378"/></table:table-row><table:table-row table:style-name="ro1"><table:table-cell office:value-type="string" table:style-name="ce3"><text:p>nome_produto</text:p></table:table-cell><table:table-cell office:value-type="string" table:style-name="ce4"><text:p>VARCHAR(50)</text:p></table:table-cell><table:table-cell table:number-columns-repeated="4" table:style-name="ce8"/><table:table-cell table:number-columns-repeated="16378"/></table:table-row><table:table-row table:style-name="ro1"><table:table-cell office:value-type="string" table:style-name="ce3"><text:p>preco</text:p></table:table-cell><table:table-cell office:value-type="string" table:style-name="ce4"><text:p>FLOAT(8)</text:p></table:table-cell><table:table-cell table:number-columns-repeated="4" table:style-name="ce8"/><table:table-cell table:number-columns-repeated="16378"/></table:table-row><table:table-row table:style-name="ro1"><table:table-cell office:value-type="string" table:style-name="ce3"><text:p>quantidade_produto</text:p></table:table-cell><table:table-cell office:value-type="string" table:style-name="ce4"><text:p>INTEGER</text:p></table:table-cell><table:table-cell table:style-name="ce9"/><table:table-cell table:number-columns-repeated="3" table:style-name="ce8"/><table:table-cell table:number-columns-repeated="16378"/></table:table-row><table:table-row table:style-name="ro1"><table:table-cell office:value-type="string" table:style-name="ce3"><text:p>id_categoria</text:p></table:table-cell><table:table-cell office:value-type="string" table:style-name="ce4"><text:p>INTEGER</text:p></table:table-cell><table:table-cell table:style-name="ce9"/><table:table-cell table:style-name="ce10"/><table:table-cell table:style-name="ce6"/><table:table-cell office:value-type="string" table:style-name="ce7"><text:p>categoria</text:p></table:table-cell><table:table-cell table:number-columns-repeated="16378"/></table:table-row><table:table-row table:style-name="ro1"><table:table-cell office:value-type="string" table:style-name="ce3"><text:p>data_compra</text:p></table:table-cell><table:table-cell office:value-type="string" table:style-name="ce4"><text:p>timestamp</text:p></table:table-cell><table:table-cell table:number-columns-repeated="4" table:style-name="ce8"/><table:table-cell table:number-columns-repeated="16378"/></table:table-row><table:table-row table:style-name="ro2"><table:table-cell table:number-columns-repeated="16384"/></table:table-row><table:table-row table:style-name="ro1"><table:table-cell office:value-type="string" table:number-columns-spanned="6" table:number-rows-spanned="1" table:style-name="ce11"><text:p>compra</text:p></table:table-cell><table:covered-table-cell table:number-columns-repeated="5"/><table:table-cell table:number-columns-repeated="16378"/></table:table-row><table:table-row table:style-name="ro1"><table:table-cell office:value-type="string" table:style-name="ce2"><text:p>Atributo</text:p></table:table-cell><table:table-cell office:value-type="string" table:style-name="ce2"><text:p>Tipo</text:p></table:table-cell><table:table-cell office:value-type="string" table:style-name="ce2"><text:p>CP</text:p></table:table-cell><table:table-cell office:value-type="string" table:style-name="ce2"><text:p>CE</text:p></table:table-cell><table:table-cell office:value-type="string" table:style-name="ce2"><text:p>Único</text:p></table:table-cell><table:table-cell office:value-type="string" table:style-name="ce2"><text:p>Referência</text:p></table:table-cell><table:table-cell table:number-columns-repeated="16378"/></table:table-row><table:table-row table:style-name="ro1"><table:table-cell office:value-type="string" table:style-name="ce3"><text:p>id_compra</text:p></table:table-cell><table:table-cell office:value-type="string" table:style-name="ce4"><text:p>SERIAL</text:p></table:table-cell><table:table-cell table:style-name="ce10"/><table:table-cell table:number-columns-repeated="2" table:style-name="ce4"/><table:table-cell table:style-name="ce7"/><table:table-cell table:number-columns-repeated="16378"/></table:table-row><table:table-row table:style-name="ro1"><table:table-cell office:value-type="string" table:style-name="ce3"><text:p>cpf</text:p></table:table-cell><table:table-cell office:value-type="string" table:style-name="ce4"><text:p>VARCHAR(20)</text:p></table:table-cell><table:table-cell table:style-name="ce6"/><table:table-cell table:number-columns-repeated="2" table:style-name="ce10"/><table:table-cell office:value-type="string" table:style-name="ce7"><text:p>usuario</text:p></table:table-cell><table:table-cell table:number-columns-repeated="16378"/></table:table-row><table:table-row table:style-name="ro1"><table:table-cell office:value-type="string" table:style-name="ce3"><text:p>codigo</text:p></table:table-cell><table:table-cell office:value-type="string" table:style-name="ce4"><text:p>VARCHAR(20)</text:p></table:table-cell><table:table-cell table:style-name="ce9"/><table:table-cell table:style-name="ce10"/><table:table-cell table:style-name="ce6"/><table:table-cell office:value-type="string" table:style-name="ce7"><text:p>produto</text:p></table:table-cell><table:table-cell table:number-columns-repeated="16378"/></table:table-row><table:table-row table:style-name="ro1"><table:table-cell office:value-type="string" table:style-name="ce3"><text:p>quantidade_compra</text:p></table:table-cell><table:table-cell office:value-type="string" table:style-name="ce4"><text:p>INTEGER</text:p></table:table-cell><table:table-cell table:number-columns-repeated="4" table:style-name="ce8"/><table:table-cell table:number-columns-repeated="16378"/></table:table-row><table:table-row table:style-name="ro1"><table:table-cell office:value-type="string" table:style-name="ce3"><text:p>valor</text:p></table:table-cell><table:table-cell office:value-type="string" table:style-name="ce4"><text:p>FLOAT(8)</text:p></table:table-cell><table:table-cell table:number-columns-repeated="4" table:style-name="ce8"/><table:table-cell table:number-columns-repeated="16378"/></table:table-row><table:table-row table:style-name="ro1"><table:table-cell office:value-type="string" table:style-name="ce3"><text:p>data_cadastro</text:p></table:table-cell><table:table-cell office:value-type="string" table:style-name="ce4"><text:p>timestamp</text:p></table:table-cell><table:table-cell table:number-columns-repeated="4" table:style-name="ce8"/><table:table-cell table:number-columns-repeated="16378"/></table:table-row><table:table-row table:style-name="ro2"><table:table-cell table:number-columns-repeated="16384"/></table:table-row><table:table-row table:style-name="ro1"><table:table-cell office:value-type="string" table:style-name="ce12"><text:p>categoria</text:p></table:table-cell><table:table-cell table:number-columns-repeated="4" table:style-name="ce13"/><table:table-cell table:style-name="ce14"/><table:table-cell table:number-columns-repeated="16378"/></table:table-row><table:table-row table:style-name="ro1"><table:table-cell office:value-type="string" table:style-name="ce2"><text:p>Atributo</text:p></table:table-cell><table:table-cell office:value-type="string" table:style-name="ce2"><text:p>Tipo</text:p></table:table-cell><table:table-cell office:value-type="string" table:style-name="ce2"><text:p>CP</text:p></table:table-cell><table:table-cell office:value-type="string" table:style-name="ce2"><text:p>CE</text:p></table:table-cell><table:table-cell office:value-type="string" table:style-name="ce2"><text:p>Único</text:p></table:table-cell><table:table-cell office:value-type="string" table:style-name="ce2"><text:p>Referência</text:p></table:table-cell><table:table-cell table:number-columns-repeated="16378"/></table:table-row><table:table-row table:style-name="ro1"><table:table-cell office:value-type="string" table:style-name="ce3"><text:p>id_categoria</text:p></table:table-cell><table:table-cell office:value-type="string" table:style-name="ce4"><text:p>INTEGER</text:p></table:table-cell><table:table-cell table:style-name="ce5"/><table:table-cell table:style-name="ce4"/><table:table-cell table:style-name="ce6"/><table:table-cell table:style-name="ce7"/><table:table-cell table:number-columns-repeated="16378"/></table:table-row><table:table-row table:style-name="ro1"><table:table-cell office:value-type="string" table:style-name="ce3"><text:p>nome_categoria</text:p></table:table-cell><table:table-cell office:value-type="string" table:style-name="ce4"><text:p>VARCHAR(20)</text:p></table:table-cell><table:table-cell table:number-columns-repeated="3" table:style-name="ce4"/><table:table-cell table:style-name="ce7"/><table:table-cell table:number-columns-repeated="16378"/></table:table-row><table:table-row table:number-rows-repeated="1048540" table:style-name="ro2"><table:table-cell table:number-columns-repeated="16384"/></table:table-row></table:table></office:spreadsheet></office:body></office:document-content>