<?xml version="1.0" encoding="UTF-8"?>
<!DOCTYPE hibernate-configuration PUBLIC "-//Hibernate/Hibernate Configuration DTD 3.0//EN" "http://hibernate.sourceforge.net/hibernate-configuration-3.0.dtd">
<hibernate-configuration>
  <session-factory>
    <property name="hibernate.dialect">org.hibernate.dialect.PostgreSQLDialect</property>
    <property name="hibernate.connection.driver_class">org.postgresql.Driver</property>
    <property name="hibernate.connection.url">jdbc:postgresql://200.145.208.32:5432/treinamento_joao</property>
    <property name="hibernate.connection.username">postgres</property>
    <property name="hibernate.connection.password">$GBD-j@ul@$</property>
    <property name="hibernate.current_session_context_class">thread</property>
    <mapping class="Mapeamentos.Produto"/>
    <mapping class="Mapeamentos.Usuario"/>
    <mapping class="Mapeamentos.Categoria"/>
    <mapping class="Mapeamentos.Compra"/>
  </session-factory>
</hibernate-configuration>
