<?xml version="1.0" encoding="UTF-8" standalone="yes"?>
<office:document-styles xmlns:table="urn:oasis:names:tc:opendocument:xmlns:table:1.0" xmlns:office="urn:oasis:names:tc:opendocument:xmlns:office:1.0" xmlns:text="urn:oasis:names:tc:opendocument:xmlns:text:1.0" xmlns:style="urn:oasis:names:tc:opendocument:xmlns:style:1.0" xmlns:draw="urn:oasis:names:tc:opendocument:xmlns:drawing:1.0" xmlns:fo="urn:oasis:names:tc:opendocument:xmlns:xsl-fo-compatible:1.0" xmlns:xlink="http://www.w3.org/1999/xlink" xmlns:dc="http://purl.org/dc/elements/1.1/" xmlns:number="urn:oasis:names:tc:opendocument:xmlns:datastyle:1.0" xmlns:svg="urn:oasis:names:tc:opendocument:xmlns:svg-compatible:1.0" xmlns:msoxl="http://schemas.microsoft.com/office/excel/formula"><office:font-face-decls><style:font-face style:name="Liberation Sans" svg:font-family="&quot;Liberation Sans&quot;"/><style:font-face style:name="Calibri" svg:font-family="Calibri"/></office:font-face-decls><office:styles><number:number-style style:name="N0"><number:number number:min-integer-digits="1"/></number:number-style><style:style style:name="Accent" style:family="table-cell" style:data-style-name="N0"><style:table-cell-properties style:vertical-align="automatic" fo:background-color="transparent"/><style:text-properties fo:color="#000000" fo:font-size="10pt" style:font-size-asian="10pt" style:font-size-complex="10pt" fo:font-weight="bold" style:font-weight-asian="bold" style:font-weight-complex="bold"/></style:style><style:style style:name="Accent_32_1" style:display-name="Accent 1" style:family="table-cell" style:data-style-name="N0"><style:table-cell-properties style:vertical-align="automatic" fo:background-color="#000000"/><style:text-properties fo:color="#FFFFFF" fo:font-size="10pt" style:font-size-asian="10pt" style:font-size-complex="10pt"/></style:style><style:style style:name="Accent_32_2" style:display-name="Accent 2" style:family="table-cell" style:data-style-name="N0"><style:table-cell-properties style:vertical-align="automatic" fo:background-color="#808080"/><style:text-properties fo:color="#FFFFFF" fo:font-size="10pt" style:font-size-asian="10pt" style:font-size-complex="10pt"/></style:style><style:style style:name="Accent_32_3" style:display-name="Accent 3" style:family="table-cell" style:data-style-name="N0"><style:table-cell-properties style:vertical-align="automatic" fo:background-color="#DDDDDD"/><style:text-properties fo:color="#000000" fo:font-size="10pt" style:font-size-asian="10pt" style:font-size-complex="10pt" fo:font-weight="bold" style:font-weight-asian="bold" style:font-weight-complex="bold"/></style:style><style:style style:name="Bad" style:family="table-cell" style:data-style-name="N0"><style:table-cell-properties style:vertical-align="automatic" fo:background-color="#FFCCCC"/><style:text-properties fo:color="#CC0000" fo:font-size="10pt" style:font-size-asian="10pt" style:font-size-complex="10pt"/></style:style><style:style style:name="Error" style:family="table-cell" style:data-style-name="N0"><style:table-cell-properties style:vertical-align="automatic" fo:background-color="#CC0000"/><style:text-properties fo:color="#FFFFFF" fo:font-size="10pt" style:font-size-asian="10pt" style:font-size-complex="10pt" fo:font-weight="bold" style:font-weight-asian="bold" style:font-weight-complex="bold"/></style:style><style:style style:name="Footnote" style:family="table-cell" style:data-style-name="N0"><style:table-cell-properties style:vertical-align="automatic" fo:background-color="transparent"/><style:text-properties fo:color="#808080" fo:font-size="10pt" style:font-size-asian="10pt" style:font-size-complex="10pt" fo:font-style="italic" style:font-style-asian="italic" style:font-style-complex="italic"/></style:style><style:style style:name="Good" style:family="table-cell" style:data-style-name="N0"><style:table-cell-properties style:vertical-align="automatic" fo:background-color="#CCFFCC"/><style:text-properties fo:color="#006600" fo:font-size="10pt" style:font-size-asian="10pt" style:font-size-complex="10pt"/></style:style><style:style style:name="Heading" style:family="table-cell" style:data-style-name="N0"><style:table-cell-properties style:vertical-align="automatic" fo:background-color="transparent"/><style:text-properties fo:color="#000000" fo:font-size="24pt" style:font-size-asian="24pt" style:font-size-complex="24pt" fo:font-weight="bold" style:font-weight-asian="bold" style:font-weight-complex="bold"/></style:style><style:style style:name="Heading_32_1" style:display-name="Heading 1" style:family="table-cell" style:data-style-name="N0"><style:table-cell-properties style:vertical-align="automatic" fo:background-color="transparent"/><style:text-properties fo:color="#000000" fo:font-size="18pt" style:font-size-asian="18pt" style:font-size-complex="18pt"/></style:style><style:style style:name="Heading_32_2" style:display-name="Heading 2" style:family="table-cell" style:data-style-name="N0"><style:table-cell-properties style:vertical-align="automatic" fo:background-color="transparent"/><style:text-properties fo:color="#000000" fo:font-size="12pt" style:font-size-asian="12pt" style:font-size-complex="12pt"/></style:style><style:style style:name="Hyperlink" style:family="table-cell" style:data-style-name="N0"><style:table-cell-properties style:vertical-align="automatic" fo:background-color="transparent"/><style:text-properties fo:color="#0000EE" fo:font-size="10pt" style:font-size-asian="10pt" style:font-size-complex="10pt" style:text-underline-style="solid" style:text-underline-type="single"/></style:style><style:style style:name="Neutral" style:family="table-cell" style:data-style-name="N0"><style:table-cell-properties style:vertical-align="automatic" fo:background-color="#FFFFCC"/><style:text-properties fo:color="#996600" fo:font-size="10pt" style:font-size-asian="10pt" style:font-size-complex="10pt"/></style:style><style:style style:name="Default" style:family="table-cell" style:data-style-name="N0"><style:table-cell-properties style:vertical-align="automatic" fo:background-color="transparent"/><style:text-properties fo:color="#000000" style:font-name="Liberation Sans" style:font-name-asian="Liberation Sans" style:font-name-complex="Liberation Sans" fo:font-size="11pt" style:font-size-asian="11pt" style:font-size-complex="11pt"/></style:style><style:style style:name="Note" style:family="table-cell" style:data-style-name="N0"><style:table-cell-properties fo:border="thin solid #808080" style:vertical-align="automatic" fo:background-color="#FFFFCC"/><style:text-properties fo:color="#333333" fo:font-size="10pt" style:font-size-asian="10pt" style:font-size-complex="10pt"/></style:style><style:style style:name="Status" style:family="table-cell" style:data-style-name="N0"><style:table-cell-properties style:vertical-align="automatic" fo:background-color="transparent"/></style:style><style:style style:name="Text" style:family="table-cell" style:data-style-name="N0"><style:table-cell-properties style:vertical-align="automatic" fo:background-color="transparent"/></style:style><style:style style:name="Warning" style:family="table-cell" style:data-style-name="N0"><style:table-cell-properties style:vertical-align="automatic" fo:background-color="transparent"/><style:text-properties fo:color="#CC0000" fo:font-size="10pt" style:font-size-asian="10pt" style:font-size-complex="10pt"/></style:style><style:default-style style:family="graphic"><style:graphic-properties draw:fill="solid" draw:fill-color="#4f81bd" draw:opacity="100%" draw:stroke="solid" svg:stroke-width="0.02778in" svg:stroke-color="#385d8a" svg:stroke-opacity="100%"/></style:default-style></office:styles><office:automatic-styles><style:page-layout style:name="pm1"><style:page-layout-properties fo:margin-top="0in" fo:margin-bottom="0in" fo:margin-left="0in" fo:margin-right="0in" style:table-centering="none" style:print="objects charts drawings"/><style:header-style><style:header-footer-properties fo:min-height="0.39375in" fo:margin-left="0in" fo:margin-right="0in" fo:margin-bottom="0in"/></style:header-style><style:footer-style><style:header-footer-properties fo:min-height="0.39375in" fo:margin-left="0in" fo:margin-right="0in" fo:margin-top="0in"/></style:footer-style></style:page-layout></office:automatic-styles><office:master-styles><style:master-page style:name="mp1" style:page-layout-name="pm1"><style:header><text:p><text:sheet-name>???</text:sheet-name></text:p></style:header><style:header-left style:display="false"/><style:footer><text:p>Page<text:s/><text:page-number>1</text:page-number></text:p></style:footer><style:footer-left style:display="false"/></style:master-page></office:master-styles></office:document-styles>