<?xml version="1.0" encoding="UTF-8" standalone="yes"?>
<office:document-meta xmlns:office="urn:oasis:names:tc:opendocument:xmlns:office:1.0" xmlns:meta="urn:oasis:names:tc:opendocument:xmlns:meta:1.0" xmlns:dc="http://purl.org/dc/elements/1.1/" xmlns:xlink="http://www.w3.org/1999/xlink" office:version="1.1"><office:meta><meta:generator>MicrosoftOffice/14.0 MicrosoftExcel/CalculationVersion-9302</meta:generator><meta:initial-creator>GBD</meta:initial-creator><dc:creator>G04</dc:creator><meta:creation-date>2019-05-20T17:14:56Z</meta:creation-date><dc:date>2019-08-21T18:07:53Z</dc:date><meta:editing-cycles>8</meta:editing-cycles><meta:editing-duration>PT3292S</meta:editing-duration></office:meta></office:document-meta>