<?xml version="1.0" encoding="UTF-8"?>
<office:document-content xmlns:office="urn:oasis:names:tc:opendocument:xmlns:office:1.0" xmlns:style="urn:oasis:names:tc:opendocument:xmlns:style:1.0" xmlns:text="urn:oasis:names:tc:opendocument:xmlns:text:1.0" xmlns:table="urn:oasis:names:tc:opendocument:xmlns:table:1.0" xmlns:draw="urn:oasis:names:tc:opendocument:xmlns:drawing:1.0" xmlns:fo="urn:oasis:names:tc:opendocument:xmlns:xsl-fo-compatible:1.0" xmlns:xlink="http://www.w3.org/1999/xlink" xmlns:dc="http://purl.org/dc/elements/1.1/" xmlns:meta="urn:oasis:names:tc:opendocument:xmlns:meta:1.0" xmlns:number="urn:oasis:names:tc:opendocument:xmlns:datastyle:1.0" xmlns:presentation="urn:oasis:names:tc:opendocument:xmlns:presentation:1.0" xmlns:svg="urn:oasis:names:tc:opendocument:xmlns:svg-compatible:1.0" xmlns:chart="urn:oasis:names:tc:opendocument:xmlns:chart:1.0" xmlns:dr3d="urn:oasis:names:tc:opendocument:xmlns:dr3d:1.0" xmlns:math="http://www.w3.org/1998/Math/MathML" xmlns:form="urn:oasis:names:tc:opendocument:xmlns:form:1.0" xmlns:script="urn:oasis:names:tc:opendocument:xmlns:script:1.0" xmlns:ooo="http://openoffice.org/2004/office" xmlns:ooow="http://openoffice.org/2004/writer" xmlns:oooc="http://openoffice.org/2004/calc" xmlns:dom="http://www.w3.org/2001/xml-events" xmlns:xforms="http://www.w3.org/2002/xforms" xmlns:xsd="http://www.w3.org/2001/XMLSchema" xmlns:xsi="http://www.w3.org/2001/XMLSchema-instance" xmlns:rpt="http://openoffice.org/2005/report" xmlns:of="urn:oasis:names:tc:opendocument:xmlns:of:1.2" xmlns:xhtml="http://www.w3.org/1999/xhtml" xmlns:grddl="http://www.w3.org/2003/g/data-view#" xmlns:tableooo="http://openoffice.org/2009/table" xmlns:drawooo="http://openoffice.org/2010/draw" xmlns:calcext="urn:org:documentfoundation:names:experimental:calc:xmlns:calcext:1.0" xmlns:loext="urn:org:documentfoundation:names:experimental:office:xmlns:loext:1.0" xmlns:field="urn:openoffice:names:experimental:ooo-ms-interop:xmlns:field:1.0" xmlns:formx="urn:openoffice:names:experimental:ooxml-odf-interop:xmlns:form:1.0" xmlns:css3t="http://www.w3.org/TR/css3-text/" office:version="1.2"><office:scripts/><office:font-face-decls><style:font-face style:name="Calibri" svg:font-family="Calibri" style:font-family-generic="swiss"/><style:font-face style:name="Liberation Sans" svg:font-family="&apos;Liberation Sans&apos;" style:font-family-generic="swiss" style:font-pitch="variable"/><style:font-face style:name="Arial" svg:font-family="Arial" style:font-family-generic="system" style:font-pitch="variable"/><style:font-face style:name="Microsoft YaHei" svg:font-family="&apos;Microsoft YaHei&apos;" style:font-family-generic="system" style:font-pitch="variable"/></office:font-face-decls><office:automatic-styles><style:style style:name="co1" style:family="table-column"><style:table-column-properties fo:break-before="auto" style:column-width="114.24pt"/></style:style><style:style style:name="co2" style:family="table-column"><style:table-column-properties fo:break-before="auto" style:column-width="77.95pt"/></style:style><style:style style:name="co3" style:family="table-column"><style:table-column-properties fo:break-before="auto" style:column-width="64.01pt"/></style:style><style:style style:name="ro1" style:family="table-row"><style:table-row-properties style:row-height="13.8pt" fo:break-before="auto" style:use-optimal-row-height="true"/></style:style><style:style style:name="ro2" style:family="table-row"><style:table-row-properties style:row-height="12.81pt" fo:break-before="auto" style:use-optimal-row-height="true"/></style:style><style:style style:name="ta1" style:family="table" style:master-page-name="Default"><style:table-properties table:display="true" style:writing-mode="lr-tb"/></style:style><style:style style:name="ce1" style:family="table-cell" style:parent-style-name="Default"><style:table-cell-properties fo:background-color="#16365c" style:diagonal-bl-tr="none" style:diagonal-tl-br="none" style:text-align-source="fix" style:repeat-content="false" fo:wrap-option="no-wrap" fo:border="1.76pt solid #000000" style:direction="ltr" style:rotation-angle="0" style:rotation-align="none" style:shrink-to-fit="false" style:vertical-align="middle" loext:vertical-justify="auto"/><style:paragraph-properties fo:text-align="center" css3t:text-justify="auto" fo:margin-left="0pt" style:writing-mode="page"/><style:text-properties fo:color="#ffffff" style:text-outline="false" style:text-line-through-style="none" style:text-line-through-type="none" style:font-name="Calibri" fo:font-size="11pt" fo:font-style="normal" fo:text-shadow="none" style:text-underline-style="none" fo:font-weight="normal" style:font-size-asian="11pt" style:font-style-asian="normal" style:font-weight-asian="normal" style:font-name-complex="Calibri" style:font-size-complex="11pt" style:font-style-complex="normal" style:font-weight-complex="normal"/></style:style><style:style style:name="ce2" style:family="table-cell" style:parent-style-name="Default"><style:table-cell-properties fo:background-color="#c5d9f1" style:diagonal-bl-tr="none" style:diagonal-tl-br="none" style:text-align-source="fix" style:repeat-content="false" fo:wrap-option="no-wrap" fo:border="1.76pt solid #000000" style:direction="ltr" style:rotation-angle="0" style:rotation-align="none" style:shrink-to-fit="false" style:vertical-align="middle" loext:vertical-justify="auto"/><style:paragraph-properties fo:text-align="center" css3t:text-justify="auto" fo:margin-left="0pt" style:writing-mode="page"/><style:text-properties fo:color="#000000" style:text-outline="false" style:text-line-through-style="none" style:text-line-through-type="none" style:font-name="Calibri" fo:font-size="11pt" fo:font-style="normal" fo:text-shadow="none" style:text-underline-style="none" fo:font-weight="bold" style:font-size-asian="11pt" style:font-style-asian="normal" style:font-weight-asian="bold" style:font-name-complex="Calibri" style:font-size-complex="11pt" style:font-style-complex="normal" style:font-weight-complex="bold"/></style:style><style:style style:name="ce3" style:family="table-cell" style:parent-style-name="Default"><style:table-cell-properties fo:background-color="#ffffff" style:diagonal-bl-tr="none" style:diagonal-tl-br="none" style:text-align-source="value-type" style:repeat-content="false" fo:wrap-option="no-wrap" fo:border="1.76pt solid #000000" style:direction="ltr" style:rotation-angle="0" style:rotation-align="none" style:shrink-to-fit="false" style:vertical-align="middle" loext:vertical-justify="auto"/><style:paragraph-properties css3t:text-justify="auto" fo:margin-left="0pt" style:writing-mode="page"/></style:style><style:style style:name="ce4" style:family="table-cell" style:parent-style-name="Default"><style:table-cell-properties fo:background-color="#ffffff" style:diagonal-bl-tr="none" style:diagonal-tl-br="none" style:text-align-source="value-type" style:repeat-content="false" fo:wrap-option="no-wrap" fo:border="1.76pt solid #000000" style:direction="ltr" style:rotation-angle="0" style:rotation-align="none" style:shrink-to-fit="false" style:vertical-align="middle" loext:vertical-justify="auto"/><style:paragraph-properties css3t:text-justify="auto" fo:margin-left="0pt" style:writing-mode="page"/><style:text-properties fo:color="#000000" style:text-outline="false" style:text-line-through-style="none" style:text-line-through-type="none" style:font-name="Calibri" fo:font-size="11pt" fo:font-style="normal" fo:text-shadow="none" style:text-underline-style="none" fo:font-weight="normal" style:font-size-asian="11pt" style:font-style-asian="normal" style:font-weight-asian="normal" style:font-name-complex="Calibri" style:font-size-complex="11pt" style:font-style-complex="normal" style:font-weight-complex="normal"/></style:style><style:style style:name="ce13" style:family="table-cell" style:parent-style-name="Default"><style:table-cell-properties style:diagonal-bl-tr="none" style:diagonal-tl-br="none" style:text-align-source="value-type" style:repeat-content="false" fo:background-color="transparent" fo:wrap-option="no-wrap" fo:border="1.76pt solid #000000" style:direction="ltr" style:rotation-angle="0" style:rotation-align="none" style:shrink-to-fit="false" style:vertical-align="middle" loext:vertical-justify="auto"/><style:paragraph-properties css3t:text-justify="auto" fo:margin-left="0pt" style:writing-mode="page"/><style:text-properties fo:color="#9bbb59" style:text-outline="false" style:text-line-through-style="none" style:text-line-through-type="none" style:font-name="Calibri" fo:font-size="11pt" fo:font-style="normal" fo:text-shadow="none" style:text-underline-style="none" fo:font-weight="normal" style:font-size-asian="11pt" style:font-style-asian="normal" style:font-weight-asian="normal" style:font-name-complex="Calibri" style:font-size-complex="11pt" style:font-style-complex="normal" style:font-weight-complex="normal"/></style:style><style:style style:name="ce15" style:family="table-cell" style:parent-style-name="Default"><style:table-cell-properties fo:background-color="#9bbb59" style:diagonal-bl-tr="none" style:diagonal-tl-br="none" fo:border="1.76pt solid #000000" style:rotation-align="none"/></style:style><style:style style:name="ce6" style:family="table-cell" style:parent-style-name="Default"><style:table-cell-properties style:diagonal-bl-tr="none" style:diagonal-tl-br="none" fo:border="1.76pt solid #000000" style:rotation-align="none"/></style:style><style:style style:name="ce19" style:family="table-cell" style:parent-style-name="Default"><style:table-cell-properties fo:background-color="#9bbb59" style:diagonal-bl-tr="none" style:diagonal-tl-br="none" style:text-align-source="value-type" style:repeat-content="false" fo:wrap-option="no-wrap" fo:border="1.76pt solid #000000" style:direction="ltr" style:rotation-angle="0" style:rotation-align="none" style:shrink-to-fit="false" style:vertical-align="middle" loext:vertical-justify="auto"/><style:paragraph-properties css3t:text-justify="auto" fo:margin-left="0pt" style:writing-mode="page"/><style:text-properties fo:color="#9bbb59" style:text-outline="false" style:text-line-through-style="none" style:text-line-through-type="none" style:font-name="Calibri" fo:font-size="11pt" fo:font-style="normal" fo:text-shadow="none" style:text-underline-style="none" fo:font-weight="normal" style:font-size-asian="11pt" style:font-style-asian="normal" style:font-weight-asian="normal" style:font-name-complex="Calibri" style:font-size-complex="11pt" style:font-style-complex="normal" style:font-weight-complex="normal"/></style:style><style:style style:name="ce20" style:family="table-cell" style:parent-style-name="Default"><style:table-cell-properties fo:background-color="#9bbb59" style:diagonal-bl-tr="none" style:diagonal-tl-br="none" style:text-align-source="value-type" style:repeat-content="false" fo:wrap-option="no-wrap" fo:border="1.76pt solid #000000" style:direction="ltr" style:rotation-angle="0" style:rotation-align="none" style:shrink-to-fit="false" style:vertical-align="middle" loext:vertical-justify="auto"/><style:paragraph-properties css3t:text-justify="auto" fo:margin-left="0pt" style:writing-mode="page"/><style:text-properties fo:color="#000000" style:text-outline="false" style:text-line-through-style="none" style:text-line-through-type="none" style:font-name="Calibri" fo:font-size="11pt" fo:font-style="normal" fo:text-shadow="none" style:text-underline-style="none" fo:font-weight="normal" style:font-size-asian="11pt" style:font-style-asian="normal" style:font-weight-asian="normal" style:font-name-complex="Calibri" style:font-size-complex="11pt" style:font-style-complex="normal" style:font-weight-complex="normal"/></style:style><style:style style:name="ce21" style:family="table-cell" style:parent-style-name="Default"><style:table-cell-properties style:diagonal-bl-tr="none" style:diagonal-tl-br="none" fo:background-color="transparent" fo:border="1.76pt solid #000000" style:rotation-align="none"/></style:style><style:style style:name="ce8" style:family="table-cell" style:parent-style-name="Default"><style:table-cell-properties style:diagonal-bl-tr="none" style:diagonal-tl-br="none" style:text-align-source="value-type" style:repeat-content="false" fo:background-color="transparent" fo:wrap-option="no-wrap" fo:border="1.76pt solid #000000" style:direction="ltr" style:rotation-angle="0" style:rotation-align="none" style:shrink-to-fit="false" style:vertical-align="middle" loext:vertical-justify="auto"/><style:paragraph-properties css3t:text-justify="auto" fo:margin-left="0pt" style:writing-mode="page"/><style:text-properties fo:color="#000000" style:text-outline="false" style:text-line-through-style="none" style:text-line-through-type="none" style:font-name="Calibri" fo:font-size="11pt" fo:font-style="normal" fo:text-shadow="none" style:text-underline-style="none" fo:font-weight="normal" style:font-size-asian="11pt" style:font-style-asian="normal" style:font-weight-asian="normal" style:font-name-complex="Calibri" style:font-size-complex="11pt" style:font-style-complex="normal" style:font-weight-complex="normal"/></style:style><style:style style:name="ce17" style:family="table-cell" style:parent-style-name="Default"><style:table-cell-properties style:diagonal-bl-tr="none" style:diagonal-tl-br="none" fo:background-color="transparent" fo:border="1.76pt solid #000000" style:rotation-align="none"/></style:style><style:style style:name="ce9" style:family="table-cell" style:parent-style-name="Default"><style:table-cell-properties fo:background-color="#ffffff" style:diagonal-bl-tr="none" style:diagonal-tl-br="none" style:text-align-source="value-type" style:repeat-content="false" fo:wrap-option="no-wrap" fo:border="1.76pt solid #000000" style:direction="ltr" style:rotation-angle="0" style:rotation-align="none" style:shrink-to-fit="false" style:vertical-align="middle" loext:vertical-justify="auto"/><style:paragraph-properties css3t:text-justify="auto" fo:margin-left="0pt" style:writing-mode="page"/><style:text-properties fo:color="#000000" style:text-outline="false" style:text-line-through-style="none" style:text-line-through-type="none" style:font-name="Calibri" fo:font-size="9pt" fo:font-style="normal" fo:text-shadow="none" style:text-underline-style="none" fo:font-weight="normal" style:font-size-asian="9pt" style:font-style-asian="normal" style:font-weight-asian="normal" style:font-name-complex="Calibri" style:font-size-complex="9pt" style:font-style-complex="normal" style:font-weight-complex="normal"/></style:style></office:automatic-styles><office:body><office:spreadsheet><table:calculation-settings table:automatic-find-labels="false" table:use-regular-expressions="false" table:use-wildcards="true"/><table:table table:name="Sheet1" table:style-name="ta1"><table:table-column table:style-name="co1" table:default-cell-style-name="ce3"/><table:table-column table:style-name="co2" table:default-cell-style-name="ce4"/><table:table-column table:style-name="co3" table:default-cell-style-name="ce1"/><table:table-column table:style-name="co3" table:number-columns-repeated="2" table:default-cell-style-name="ce4"/><table:table-column table:style-name="co3" table:default-cell-style-name="ce9"/><table:table-row table:style-name="ro1"><table:table-cell table:style-name="ce1" office:value-type="string" calcext:value-type="string" table:number-columns-spanned="6" table:number-rows-spanned="1"><text:p>produto</text:p></table:table-cell><table:covered-table-cell table:style-name="ce1"/><table:covered-table-cell/><table:covered-table-cell table:number-columns-repeated="3" table:style-name="ce1"/></table:table-row><table:table-row table:style-name="ro1"><table:table-cell table:style-name="ce2" office:value-type="string" calcext:value-type="string"><text:p>Atributo</text:p></table:table-cell><table:table-cell table:style-name="ce2" office:value-type="string" calcext:value-type="string"><text:p>Tipo</text:p></table:table-cell><table:table-cell table:style-name="ce2" office:value-type="string" calcext:value-type="string"><text:p>CP</text:p></table:table-cell><table:table-cell table:style-name="ce2" office:value-type="string" calcext:value-type="string"><text:p>CE</text:p></table:table-cell><table:table-cell table:style-name="ce2" office:value-type="string" calcext:value-type="string"><text:p>Único</text:p></table:table-cell><table:table-cell table:style-name="ce2" office:value-type="string" calcext:value-type="string"><text:p>Referência</text:p></table:table-cell></table:table-row><table:table-row table:style-name="ro1"><table:table-cell office:value-type="string" calcext:value-type="string"><text:p>estoque </text:p></table:table-cell><table:table-cell office:value-type="string" calcext:value-type="string"><text:p>INTEGER</text:p></table:table-cell><table:table-cell table:style-name="ce13"/><table:table-cell/><table:table-cell table:style-name="ce8"/><table:table-cell/></table:table-row><table:table-row table:style-name="ro1"><table:table-cell office:value-type="string" calcext:value-type="string"><text:p>valor </text:p></table:table-cell><table:table-cell office:value-type="string" calcext:value-type="string"><text:p>DECIMAL(10,2)</text:p></table:table-cell><table:table-cell table:style-name="ce4"/><table:table-cell table:number-columns-repeated="3"/></table:table-row><table:table-row table:style-name="ro1"><table:table-cell office:value-type="string" calcext:value-type="string"><text:p>nome</text:p></table:table-cell><table:table-cell office:value-type="string" calcext:value-type="string"><text:p>VARCHAR(20)</text:p></table:table-cell><table:table-cell table:style-name="ce4"/><table:table-cell table:number-columns-repeated="3"/></table:table-row><table:table-row table:style-name="ro1"><table:table-cell office:value-type="string" calcext:value-type="string"><text:p>codigo</text:p></table:table-cell><table:table-cell office:value-type="string" calcext:value-type="string"><text:p>VARCHAR(20)</text:p></table:table-cell><table:table-cell table:style-name="ce15"/><table:table-cell table:style-name="ce6"/><table:table-cell table:style-name="ce17"/><table:table-cell table:style-name="ce6"/></table:table-row><table:table-row table:style-name="ro1"><table:table-cell office:value-type="string" calcext:value-type="string"><text:p>descricao</text:p></table:table-cell><table:table-cell office:value-type="string" calcext:value-type="string"><text:p>VARCHAR(20)</text:p></table:table-cell><table:table-cell table:style-name="ce6" table:number-columns-repeated="4"/></table:table-row><table:table-row table:style-name="ro2"><table:table-cell table:style-name="Default" table:number-columns-repeated="6"/></table:table-row><table:table-row table:style-name="ro1"><table:table-cell table:style-name="ce1" office:value-type="string" calcext:value-type="string" table:number-columns-spanned="6" table:number-rows-spanned="1"><text:p>vendido</text:p></table:table-cell><table:covered-table-cell table:style-name="ce1"/><table:covered-table-cell/><table:covered-table-cell table:number-columns-repeated="3" table:style-name="ce1"/></table:table-row><table:table-row table:style-name="ro1"><table:table-cell table:style-name="ce2" office:value-type="string" calcext:value-type="string"><text:p>Atributo</text:p></table:table-cell><table:table-cell table:style-name="ce2" office:value-type="string" calcext:value-type="string"><text:p>Tipo</text:p></table:table-cell><table:table-cell table:style-name="ce2" office:value-type="string" calcext:value-type="string"><text:p>CP</text:p></table:table-cell><table:table-cell table:style-name="ce2" office:value-type="string" calcext:value-type="string"><text:p>CE</text:p></table:table-cell><table:table-cell table:style-name="ce2" office:value-type="string" calcext:value-type="string"><text:p>Único</text:p></table:table-cell><table:table-cell table:style-name="ce2" office:value-type="string" calcext:value-type="string"><text:p>Referência</text:p></table:table-cell></table:table-row><table:table-row table:style-name="ro1"><table:table-cell office:value-type="string" calcext:value-type="string"><text:p>codigo</text:p></table:table-cell><table:table-cell office:value-type="string" calcext:value-type="string"><text:p>VARCHAR(20)</text:p></table:table-cell><table:table-cell table:style-name="ce19"/><table:table-cell table:style-name="ce20"/><table:table-cell table:style-name="ce8"/><table:table-cell office:value-type="string" calcext:value-type="string"><text:p>produto</text:p></table:table-cell></table:table-row><table:table-row table:style-name="ro1"><table:table-cell office:value-type="string" calcext:value-type="string"><text:p>id</text:p></table:table-cell><table:table-cell office:value-type="string" calcext:value-type="string"><text:p>VARCHAR(20)</text:p></table:table-cell><table:table-cell table:style-name="ce20" table:number-columns-repeated="2"/><table:table-cell/><table:table-cell office:value-type="string" calcext:value-type="string"><text:p>venda</text:p></table:table-cell></table:table-row><table:table-row table:style-name="ro1"><table:table-cell office:value-type="string" calcext:value-type="string"><text:p>qtde_vendida</text:p></table:table-cell><table:table-cell office:value-type="string" calcext:value-type="string"><text:p>INTEGER</text:p></table:table-cell><table:table-cell table:style-name="ce4"/><table:table-cell table:number-columns-repeated="3"/></table:table-row><table:table-row table:style-name="ro2"><table:table-cell table:style-name="Default" table:number-columns-repeated="6"/></table:table-row><table:table-row table:style-name="ro1"><table:table-cell table:style-name="ce1" office:value-type="string" calcext:value-type="string" table:number-columns-spanned="6" table:number-rows-spanned="1"><text:p>vendedor</text:p></table:table-cell><table:covered-table-cell table:style-name="ce1"/><table:covered-table-cell/><table:covered-table-cell table:number-columns-repeated="3" table:style-name="ce1"/></table:table-row><table:table-row table:style-name="ro1"><table:table-cell table:style-name="ce2" office:value-type="string" calcext:value-type="string"><text:p>Atributo</text:p></table:table-cell><table:table-cell table:style-name="ce2" office:value-type="string" calcext:value-type="string"><text:p>Tipo</text:p></table:table-cell><table:table-cell table:style-name="ce2" office:value-type="string" calcext:value-type="string"><text:p>CP</text:p></table:table-cell><table:table-cell table:style-name="ce2" office:value-type="string" calcext:value-type="string"><text:p>CE</text:p></table:table-cell><table:table-cell table:style-name="ce2" office:value-type="string" calcext:value-type="string"><text:p>Único</text:p></table:table-cell><table:table-cell table:style-name="ce2" office:value-type="string" calcext:value-type="string"><text:p>Referência</text:p></table:table-cell></table:table-row><table:table-row table:style-name="ro1"><table:table-cell office:value-type="string" calcext:value-type="string"><text:p>salario</text:p></table:table-cell><table:table-cell office:value-type="string" calcext:value-type="string"><text:p>DECIMAL(10,2)</text:p></table:table-cell><table:table-cell table:style-name="ce13"/><table:table-cell/><table:table-cell table:style-name="ce8"/><table:table-cell/></table:table-row><table:table-row table:style-name="ro1"><table:table-cell office:value-type="string" calcext:value-type="string"><text:p>nome</text:p></table:table-cell><table:table-cell office:value-type="string" calcext:value-type="string"><text:p>VARCHAR(20)</text:p></table:table-cell><table:table-cell table:style-name="ce4"/><table:table-cell table:number-columns-repeated="3"/></table:table-row><table:table-row table:style-name="ro1"><table:table-cell office:value-type="string" calcext:value-type="string"><text:p>cpf</text:p></table:table-cell><table:table-cell office:value-type="string" calcext:value-type="string"><text:p>VARCHAR(20)</text:p></table:table-cell><table:table-cell table:style-name="ce20"/><table:table-cell/><table:table-cell table:style-name="ce20"/><table:table-cell/></table:table-row><table:table-row table:style-name="ro2"><table:table-cell table:style-name="Default" table:number-columns-repeated="6"/></table:table-row><table:table-row table:style-name="ro1"><table:table-cell table:style-name="ce1" office:value-type="string" calcext:value-type="string" table:number-columns-spanned="6" table:number-rows-spanned="1"><text:p>venda</text:p></table:table-cell><table:covered-table-cell table:style-name="ce1"/><table:covered-table-cell/><table:covered-table-cell table:number-columns-repeated="3" table:style-name="ce1"/></table:table-row><table:table-row table:style-name="ro1"><table:table-cell table:style-name="ce2" office:value-type="string" calcext:value-type="string"><text:p>Atributo</text:p></table:table-cell><table:table-cell table:style-name="ce2" office:value-type="string" calcext:value-type="string"><text:p>Tipo</text:p></table:table-cell><table:table-cell table:style-name="ce2" office:value-type="string" calcext:value-type="string"><text:p>CP</text:p></table:table-cell><table:table-cell table:style-name="ce2" office:value-type="string" calcext:value-type="string"><text:p>CE</text:p></table:table-cell><table:table-cell table:style-name="ce2" office:value-type="string" calcext:value-type="string"><text:p>Único</text:p></table:table-cell><table:table-cell table:style-name="ce2" office:value-type="string" calcext:value-type="string"><text:p>Referência</text:p></table:table-cell></table:table-row><table:table-row table:style-name="ro1"><table:table-cell office:value-type="string" calcext:value-type="string"><text:p>data</text:p></table:table-cell><table:table-cell office:value-type="string" calcext:value-type="string"><text:p>date</text:p></table:table-cell><table:table-cell table:style-name="ce13"/><table:table-cell/><table:table-cell table:style-name="ce8"/><table:table-cell/></table:table-row><table:table-row table:style-name="ro1"><table:table-cell office:value-type="string" calcext:value-type="string"><text:p>valor_total</text:p></table:table-cell><table:table-cell office:value-type="string" calcext:value-type="string"><text:p>DECIMAL(10,2)</text:p></table:table-cell><table:table-cell table:style-name="ce4"/><table:table-cell table:number-columns-repeated="3"/></table:table-row><table:table-row table:style-name="ro1"><table:table-cell office:value-type="string" calcext:value-type="string"><text:p>id</text:p></table:table-cell><table:table-cell office:value-type="string" calcext:value-type="string"><text:p>VARCHAR(20)</text:p></table:table-cell><table:table-cell table:style-name="ce20"/><table:table-cell table:number-columns-repeated="3"/></table:table-row><table:table-row table:style-name="ro1"><table:table-cell office:value-type="string" calcext:value-type="string"><text:p>cpf</text:p></table:table-cell><table:table-cell office:value-type="string" calcext:value-type="string"><text:p>VARCHAR(20)</text:p></table:table-cell><table:table-cell table:style-name="ce4"/><table:table-cell table:style-name="ce20" table:number-columns-repeated="2"/><table:table-cell office:value-type="string" calcext:value-type="string"><text:p>vendedor</text:p></table:table-cell></table:table-row><table:table-row table:style-name="ro2"><table:table-cell table:style-name="Default" table:number-columns-repeated="6"/></table:table-row><table:table-row table:style-name="ro1"><table:table-cell table:style-name="ce1" office:value-type="string" calcext:value-type="string" table:number-columns-spanned="6" table:number-rows-spanned="1"><text:p>cliente</text:p></table:table-cell><table:covered-table-cell table:style-name="ce1"/><table:covered-table-cell/><table:covered-table-cell table:number-columns-repeated="3" table:style-name="ce1"/></table:table-row><table:table-row table:style-name="ro1"><table:table-cell table:style-name="ce2" office:value-type="string" calcext:value-type="string"><text:p>Atributo</text:p></table:table-cell><table:table-cell table:style-name="ce2" office:value-type="string" calcext:value-type="string"><text:p>Tipo</text:p></table:table-cell><table:table-cell table:style-name="ce2" office:value-type="string" calcext:value-type="string"><text:p>CP</text:p></table:table-cell><table:table-cell table:style-name="ce2" office:value-type="string" calcext:value-type="string"><text:p>CE</text:p></table:table-cell><table:table-cell table:style-name="ce2" office:value-type="string" calcext:value-type="string"><text:p>Único</text:p></table:table-cell><table:table-cell table:style-name="ce2" office:value-type="string" calcext:value-type="string"><text:p>Referência</text:p></table:table-cell></table:table-row><table:table-row table:style-name="ro1"><table:table-cell office:value-type="string" calcext:value-type="string"><text:p>telefone</text:p></table:table-cell><table:table-cell office:value-type="string" calcext:value-type="string"><text:p>VARCHAR(20)</text:p></table:table-cell><table:table-cell table:style-name="ce13"/><table:table-cell/><table:table-cell table:style-name="ce8"/><table:table-cell/></table:table-row><table:table-row table:style-name="ro1"><table:table-cell office:value-type="string" calcext:value-type="string"><text:p>nome</text:p></table:table-cell><table:table-cell office:value-type="string" calcext:value-type="string"><text:p>VARCHAR(20)</text:p></table:table-cell><table:table-cell table:style-name="ce4"/><table:table-cell table:number-columns-repeated="3"/></table:table-row><table:table-row table:style-name="ro1"><table:table-cell office:value-type="string" calcext:value-type="string"><text:p>cpf</text:p></table:table-cell><table:table-cell office:value-type="string" calcext:value-type="string"><text:p>VARCHAR(20)</text:p></table:table-cell><table:table-cell table:style-name="ce20"/><table:table-cell/><table:table-cell table:style-name="ce20"/><table:table-cell/></table:table-row><table:table-row table:style-name="ro1"><table:table-cell office:value-type="string" calcext:value-type="string"><text:p>idade</text:p></table:table-cell><table:table-cell office:value-type="string" calcext:value-type="string"><text:p>INTEGER</text:p></table:table-cell><table:table-cell table:style-name="ce21"/><table:table-cell table:style-name="ce6"/><table:table-cell table:style-name="ce21"/><table:table-cell table:style-name="ce6"/></table:table-row><table:table-row table:style-name="ro1"><table:table-cell office:value-type="string" calcext:value-type="string"><text:p>rua</text:p></table:table-cell><table:table-cell office:value-type="string" calcext:value-type="string"><text:p>VARCHAR(20)</text:p></table:table-cell><table:table-cell table:style-name="ce6" table:number-columns-repeated="4"/></table:table-row><table:table-row table:style-name="ro1"><table:table-cell office:value-type="string" calcext:value-type="string"><text:p>numero</text:p></table:table-cell><table:table-cell office:value-type="string" calcext:value-type="string"><text:p>VARCHAR(20)</text:p></table:table-cell><table:table-cell table:style-name="ce21"/><table:table-cell table:style-name="ce6"/><table:table-cell table:style-name="ce21"/><table:table-cell table:style-name="ce6"/></table:table-row><table:table-row table:style-name="ro1"><table:table-cell office:value-type="string" calcext:value-type="string"><text:p>bairro</text:p></table:table-cell><table:table-cell office:value-type="string" calcext:value-type="string"><text:p>VARCHAR(20)</text:p></table:table-cell><table:table-cell table:style-name="ce21" table:number-columns-repeated="2"/><table:table-cell table:style-name="ce6" table:number-columns-repeated="2"/></table:table-row><table:table-row table:style-name="ro1"><table:table-cell office:value-type="string" calcext:value-type="string"><text:p>cidade</text:p></table:table-cell><table:table-cell office:value-type="string" calcext:value-type="string"><text:p>VARCHAR(20)</text:p></table:table-cell><table:table-cell table:style-name="ce6" table:number-columns-repeated="4"/></table:table-row></table:table><table:named-expressions/></office:spreadsheet></office:body></office:document-content>